"","media_idades","media_interesses","desvio_idades","desvio_interesses"
"1",25.7931034482759,2.82758620689655,4.95248357857541,0.384425872219245
